<xml xmlns="https://developers.google.com/blockly/xml">
  <block type="prolog_fact" id="}~$h(r_+(ohMcryf=ND*" x="130" y="-630">
    <value name="PREDICATE">
      <block type="prolog_predicate" id="-y~rXO/hrR{H6v-+pP%$">
        <field name="PREDICATE_NAME">lider</field>
      </block>
    </value>
    <statement name="FACT_ARGS">
      <shadow type="info_block_statement" id="zL*5wNM8oX${EmgAxf(.">
        <field name="TEXT">Terme ..</field>
      </shadow>
      <block type="prolog_constant" id="57vf5WVxcfb.[7?;m(;t">
        <field name="CONSTANT_NAME">'Campana Admirable'</field>
        <next>
          <block type="prolog_constant" id=",k5`AMF)-m4F`A~(_%^C">
            <field name="CONSTANT_NAME">'Simon Bolivar'</field>
          </block>
        </next>
      </block>
    </statement>
    <next>
      <block type="prolog_fact" id="6wf*x)[.2ecZ$@:qi7GQ">
        <value name="PREDICATE">
          <block type="prolog_predicate" id="UPwvv}LvJ1N8%!^Ks%pS">
            <field name="PREDICATE_NAME">lider</field>
          </block>
        </value>
        <statement name="FACT_ARGS">
          <shadow type="info_block_statement" id="L89i?.C`yi8B45?k3L^l">
            <field name="TEXT">Terme ..</field>
          </shadow>
          <block type="prolog_constant" id="N$[aYkF19`MFvBMwt_2t">
            <field name="CONSTANT_NAME">'Ejercito Realista'</field>
            <next>
              <block type="prolog_constant" id="K=pch9Xr/ya8EUoS6EKr">
                <field name="CONSTANT_NAME">'Monteverde'</field>
              </block>
            </next>
          </block>
        </statement>
        <next>
          <block type="prolog_fact" id="Y8odzuw;O*#uH~GZ!P:u">
            <value name="PREDICATE">
              <block type="prolog_predicate" id="$V25z?=L-3G)nvp`~D{Q">
                <field name="PREDICATE_NAME">fecha_inicio</field>
              </block>
            </value>
            <statement name="FACT_ARGS">
              <shadow type="info_block_statement" id="R1!`hP?ZX-sd[Z5V$N#n">
                <field name="TEXT">Terme ..</field>
              </shadow>
              <block type="prolog_constant" id="tSmy[~pHNgicr^zG(!_j">
                <field name="CONSTANT_NAME">'Campana Admirable'</field>
                <next>
                  <block type="prolog_constant" id="C.C74klem~$uBa@rtr1O">
                    <field name="CONSTANT_NAME">'6 de febrero de 1813'</field>
                  </block>
                </next>
              </block>
            </statement>
            <next>
              <block type="prolog_fact" id="jn;8W2Af]qB9aCY|LSnv">
                <value name="PREDICATE">
                  <block type="prolog_predicate" id="rvpS)01YwuDDSmi8:.FV">
                    <field name="PREDICATE_NAME">fecha_fin</field>
                  </block>
                </value>
                <statement name="FACT_ARGS">
                  <shadow type="info_block_statement" id="Lf4hC|,ufr3j%0.oxZ^8">
                    <field name="TEXT">Terme ..</field>
                  </shadow>
                  <block type="prolog_constant" id="/C;hXi[eMrNjE).we:8]">
                    <field name="CONSTANT_NAME">'Caracas'</field>
                    <next>
                      <block type="prolog_constant" id="Ohd+m~%c8obb=5eG{H;o">
                        <field name="CONSTANT_NAME">'6 de agosto d 1813'</field>
                      </block>
                    </next>
                  </block>
                </statement>
                <next>
                  <block type="prolog_fact" id="sy8ts:$7{h.c(SG~7=/d">
                    <value name="PREDICATE">
                      <block type="prolog_predicate" id="2z}j~LSR530!2#hP)a~S">
                        <field name="PREDICATE_NAME">objetiv</field>
                      </block>
                    </value>
                    <statement name="FACT_ARGS">
                      <shadow type="info_block_statement" id="c}R?JumA.S};sHsaX2+Q">
                        <field name="TEXT">Terme ..</field>
                      </shadow>
                      <block type="prolog_constant" id="TuQd]bSyt6kThtv64fK@">
                        <field name="CONSTANT_NAME">'liberar a Venezuela de los Realistas'</field>
                      </block>
                    </statement>
                  </block>
                </next>
              </block>
            </next>
          </block>
        </next>
      </block>
    </next>
  </block>
  <block type="prolog_fact" id="HmUho}w1i?GL6R/mf.H8" x="130" y="-90">
    <value name="PREDICATE">
      <block type="prolog_predicate" id="JAm5a%SLDXfjAYM})XeU">
        <field name="PREDICATE_NAME">patriota</field>
      </block>
    </value>
    <statement name="FACT_ARGS">
      <shadow type="info_block_statement" id="QM75A;7A!Ic1v6J3S:ze">
        <field name="TEXT">Terme ..</field>
      </shadow>
      <block type="prolog_constant" id="PIUF[K[7hdM=#oJ!g/=r">
        <field name="CONSTANT_NAME">'Simon Bolivar'</field>
      </block>
    </statement>
    <next>
      <block type="prolog_fact" id="Sw+Qc!-uKFalwCdC4n99">
        <value name="PREDICATE">
          <block type="prolog_predicate" id="pE;TcXr|Nk4AFsLW-L^l">
            <field name="PREDICATE_NAME">patriota</field>
          </block>
        </value>
        <statement name="FACT_ARGS">
          <shadow type="info_block_statement" id="dugt]L9SU=k0[Fc]!*.4">
            <field name="TEXT">Terme ..</field>
          </shadow>
          <block type="prolog_constant" id="w6,rJ.~GNm_.o!K!wybj">
            <field name="CONSTANT_NAME">'Jose Felix Rivas'</field>
          </block>
        </statement>
        <next>
          <block type="prolog_fact" id="1c9uuJQJSEyI=z8H+mWh">
            <value name="PREDICATE">
              <block type="prolog_predicate" id="_dEV3~8d]MDn;GRG$HDN">
                <field name="PREDICATE_NAME">patriota</field>
              </block>
            </value>
            <statement name="FACT_ARGS">
              <shadow type="info_block_statement" id="%LhA:ep=H/4KESQyWi.#">
                <field name="TEXT">Terme ..</field>
              </shadow>
              <block type="prolog_constant" id="Jo1g,0:Z_AM%3A5^?ud}">
                <field name="CONSTANT_NAME">'Atanasio Girardot'</field>
              </block>
            </statement>
            <next>
              <block type="prolog_fact" id="]O0XYk*pybQ$%~|foBnR">
                <value name="PREDICATE">
                  <block type="prolog_predicate" id=")^0VZyB7HHbBi86uKQuc">
                    <field name="PREDICATE_NAME">realista</field>
                  </block>
                </value>
                <statement name="FACT_ARGS">
                  <shadow type="info_block_statement" id="79`|{!DKp1yb-1S`^_L6">
                    <field name="TEXT">Terme ..</field>
                  </shadow>
                  <block type="prolog_constant" id="!%mR)%_@/E_3NHM-6_V|">
                    <field name="CONSTANT_NAME">'Monteverde'</field>
                  </block>
                </statement>
                <next>
                  <block type="prolog_fact" id="F]NP?^JT09UW;gmN[,.,">
                    <value name="PREDICATE">
                      <block type="prolog_predicate" id="cCmgH.!tE;=sV4):,w`d">
                        <field name="PREDICATE_NAME">realista</field>
                      </block>
                    </value>
                    <statement name="FACT_ARGS">
                      <shadow type="info_block_statement" id="kEw~pU78txGEeB`8*!he">
                        <field name="TEXT">Terme ..</field>
                      </shadow>
                      <block type="prolog_constant" id="fe6L(Z1Jf%zsB66mf25X">
                        <field name="CONSTANT_NAME">'Manuel Canas'</field>
                      </block>
                    </statement>
                    <next>
                      <block type="prolog_fact" id="y}RK8c$Y$_i{cF3RLW_s">
                        <value name="PREDICATE">
                          <block type="prolog_predicate" id="?YIY_o`.y}+QGfV+C*E:">
                            <field name="PREDICATE_NAME">realista</field>
                          </block>
                        </value>
                        <statement name="FACT_ARGS">
                          <shadow type="info_block_statement" id="%P`OFGM[O^;MSs@uk}.s">
                            <field name="TEXT">Terme ..</field>
                          </shadow>
                          <block type="prolog_constant" id="n2@uu#8]oSNb{yMU3Aqu">
                            <field name="CONSTANT_NAME">'Jose Marti'</field>
                          </block>
                        </statement>
                        <next>
                          <block type="prolog_fact" id="u$V?;qXci@saeX;?]wN9">
                            <value name="PREDICATE">
                              <block type="prolog_predicate" id="Xnc97bK`;;7=ljX?`aG]">
                                <field name="PREDICATE_NAME">realista</field>
                              </block>
                            </value>
                            <statement name="FACT_ARGS">
                              <shadow type="info_block_statement" id="ow#90)l[H)M2tlFkHsBg">
                                <field name="TEXT">Terme ..</field>
                              </shadow>
                              <block type="prolog_constant" id="#,yc]b[)6T,8:]`/pC]f">
                                <field name="CONSTANT_NAME">'Francisco Oberto'</field>
                              </block>
                            </statement>
                            <next>
                              <block type="prolog_fact" id="pF^,.e8~6t{9eKSSnfk,">
                                <value name="PREDICATE">
                                  <block type="prolog_predicate" id="A_=2bI`%3[6($)I|PHaG">
                                    <field name="PREDICATE_NAME">realista</field>
                                  </block>
                                </value>
                                <statement name="FACT_ARGS">
                                  <shadow type="info_block_statement" id="S}`x7+SO$}E*=`K[)WyE">
                                    <field name="TEXT">Terme ..</field>
                                  </shadow>
                                  <block type="prolog_constant" id=":tI-_leI,N?~{`ok0d%3">
                                    <field name="CONSTANT_NAME">'Julian Izquierdo'</field>
                                  </block>
                                </statement>
                              </block>
                            </next>
                          </block>
                        </next>
                      </block>
                    </next>
                  </block>
                </next>
              </block>
            </next>
          </block>
        </next>
      </block>
    </next>
  </block>
  <block type="prolog_fact" id=")pfWGdiu~H2DzS`HRNu1" x="110" y="571">
    <value name="PREDICATE">
      <block type="prolog_predicate" id="Gx~+U;B]^s^Hpayvr30o">
        <field name="PREDICATE_NAME">lugar</field>
      </block>
    </value>
    <statement name="FACT_ARGS">
      <shadow type="info_block_statement" id="*wBe@Y(*OBp)7{V[@@f-">
        <field name="TEXT">Terme ..</field>
      </shadow>
      <block type="prolog_constant" id="UnQFlJ;ZB-W9PMKpfwAX">
        <field name="CONSTANT_NAME">'Cucuta'</field>
      </block>
    </statement>
    <next>
      <block type="prolog_fact" id="B-+#ChNr)gVE_*ZpeR;0">
        <value name="PREDICATE">
          <block type="prolog_predicate" id="`$sA_s`IW(bAbIMkx8gY">
            <field name="PREDICATE_NAME">lugar</field>
          </block>
        </value>
        <statement name="FACT_ARGS">
          <shadow type="info_block_statement" id="_I*tV`8ZEuPuZI~rxa/I">
            <field name="TEXT">Terme ..</field>
          </shadow>
          <block type="prolog_constant" id="}U/N$mqF{rYmJjBv6bus">
            <field name="CONSTANT_NAME">'San Cristobal'</field>
          </block>
        </statement>
        <next>
          <block type="prolog_fact" id="|uYO,RT~l5,=nRHtH*(F">
            <value name="PREDICATE">
              <block type="prolog_predicate" id="J;h+WG5~.46g0(M?()Bm">
                <field name="PREDICATE_NAME">lugar</field>
              </block>
            </value>
            <statement name="FACT_ARGS">
              <shadow type="info_block_statement" id="X6xb@?oLst=vtF,]XY_.">
                <field name="TEXT">Terme ..</field>
              </shadow>
              <block type="prolog_constant" id="bo)$KIcip(+g0}C??!go">
                <field name="CONSTANT_NAME">'Merida'</field>
              </block>
            </statement>
            <next>
              <block type="prolog_fact" id=";TYVCx-zN2FS]7[B39$n">
                <value name="PREDICATE">
                  <block type="prolog_predicate" id="IQ:?VUli;UQ;WgupJuqO">
                    <field name="PREDICATE_NAME">lugar</field>
                  </block>
                </value>
                <statement name="FACT_ARGS">
                  <shadow type="info_block_statement" id="+W1?}VNW~fhQY@za#S-@">
                    <field name="TEXT">Terme ..</field>
                  </shadow>
                  <block type="prolog_constant" id="A/b^3jZZ2~OF.l!|^6/t">
                    <field name="CONSTANT_NAME">'Trujillo'</field>
                  </block>
                </statement>
                <next>
                  <block type="prolog_fact" id="{F/2$eenChkOX*c/[r5r">
                    <value name="PREDICATE">
                      <block type="prolog_predicate" id="T{N=]52}5}H*xspD;{5/">
                        <field name="PREDICATE_NAME">lugar</field>
                      </block>
                    </value>
                    <statement name="FACT_ARGS">
                      <shadow type="info_block_statement" id="el`}B#8xEJx!j;^S:7u3">
                        <field name="TEXT">Terme ..</field>
                      </shadow>
                      <block type="prolog_constant" id="saTfmY^.G|Wp[}+GN7S#">
                        <field name="CONSTANT_NAME">'Taguanes'</field>
                      </block>
                    </statement>
                    <next>
                      <block type="prolog_fact" id="c:Gff(7H#ZG)M1t)uG}^">
                        <value name="PREDICATE">
                          <block type="prolog_predicate" id="{j~.7obI1:M7!Z:VmP#E">
                            <field name="PREDICATE_NAME">lugar</field>
                          </block>
                        </value>
                        <statement name="FACT_ARGS">
                          <shadow type="info_block_statement" id="45jXU2p%/eWQ!`gMxvTM">
                            <field name="TEXT">Terme ..</field>
                          </shadow>
                          <block type="prolog_constant" id="P^AmWbi:)MMeZv2qVa~l">
                            <field name="CONSTANT_NAME">'Caracas'</field>
                          </block>
                        </statement>
                      </block>
                    </next>
                  </block>
                </next>
              </block>
            </next>
          </block>
        </next>
      </block>
    </next>
  </block>
  <block type="prolog_fact" id="D%{A;}bhPgXA]qowWqTz" x="110" y="1070">
    <value name="PREDICATE">
      <block type="prolog_predicate" id="u~a2;#G0et_pzC{1@S-m">
        <field name="PREDICATE_NAME">ruta</field>
      </block>
    </value>
    <statement name="FACT_ARGS">
      <shadow type="info_block_statement" id="AodskMk=0,{DUZ_Q@^3D">
        <field name="TEXT">Terme ..</field>
      </shadow>
      <block type="prolog_constant" id="|4B,(HeU`yB+`KENC@um">
        <field name="CONSTANT_NAME">'Simon Bolivar'</field>
        <next>
          <block type="prolog_list" id="ci!_s*4Ze*q4Lp*8P9lE">
            <field name="VERTICAL_BAR">TRUE</field>
            <statement name="LIST_ARG">
              <block type="prolog_constant" id="ZptJP`9Rl8(8KhV3]%WU">
                <field name="CONSTANT_NAME">'San Cristobal'</field>
                <next>
                  <block type="prolog_constant" id="x.PxcCfH-tv#]LLJTF{y">
                    <field name="CONSTANT_NAME">'Merida'</field>
                    <next>
                      <block type="prolog_constant" id="B_JhZD^(^1YVdTQ4:xCb">
                        <field name="CONSTANT_NAME">'Trujillo'</field>
                        <next>
                          <block type="prolog_constant" id="x?T9`CCoeG$NeC56T{]!">
                            <field name="CONSTANT_NAME">'Caracas'</field>
                          </block>
                        </next>
                      </block>
                    </next>
                  </block>
                </next>
              </block>
            </statement>
          </block>
        </next>
      </block>
    </statement>
  </block>
  <block type="prolog_fact" id="}.a5`5ssf#x?BJZZh},o" x="110" y="1370">
    <value name="PREDICATE">
      <block type="prolog_predicate" id="_yoR^zg4GuPDe9{btB=Q">
        <field name="PREDICATE_NAME">batalla</field>
      </block>
    </value>
    <statement name="FACT_ARGS">
      <shadow type="info_block_statement" id="$q4d0g~9uiaDQ.s$)Bu#">
        <field name="TEXT">Terme ..</field>
      </shadow>
      <block type="prolog_constant" id="~+b8Vup8HT4sL@$LBwO%">
        <field name="CONSTANT_NAME">'Batalla de Cucuta'</field>
        <next>
          <block type="prolog_constant" id="nSD$H}FhpA7hDYBkrYz$">
            <field name="CONSTANT_NAME">'28 de febrero de 1813'</field>
          </block>
        </next>
      </block>
    </statement>
    <next>
      <block type="prolog_fact" id="3fL//9SFnGa}CE@v7)x{">
        <value name="PREDICATE">
          <block type="prolog_predicate" id="2BKUJAl=#coJ+^:s}`R$">
            <field name="PREDICATE_NAME">batalla</field>
          </block>
        </value>
        <statement name="FACT_ARGS">
          <shadow type="info_block_statement" id="8r}mhriHM:Eo{_ON@MD/">
            <field name="TEXT">Terme ..</field>
          </shadow>
          <block type="prolog_constant" id="d?(=PUoeYRg*);d!R[n,">
            <field name="CONSTANT_NAME">'Batalla Agua de Obispo'</field>
            <next>
              <block type="prolog_constant" id="Ng#`Me!T[Jkla?IzzOo[">
                <field name="CONSTANT_NAME">'18 de junio de 1813'</field>
              </block>
            </next>
          </block>
        </statement>
        <next>
          <block type="prolog_fact" id=":XlT)re./`bbodHS6~X(">
            <value name="PREDICATE">
              <block type="prolog_predicate" id="s{V5[ZrM5xn6pI^~]j+8">
                <field name="PREDICATE_NAME">batalla</field>
              </block>
            </value>
            <statement name="FACT_ARGS">
              <shadow type="info_block_statement" id="!)hB9JXJ_F|h[gFE}Se5">
                <field name="TEXT">Terme ..</field>
              </shadow>
              <block type="prolog_constant" id="U)etel@chHjWC/^Jb/i%">
                <field name="CONSTANT_NAME">'Batalla de Niquitao'</field>
                <next>
                  <block type="prolog_constant" id="I#Jst;J0}p[jp.P4S_G5">
                    <field name="CONSTANT_NAME">'2 de julio de 1813'</field>
                  </block>
                </next>
              </block>
            </statement>
            <next>
              <block type="prolog_fact" id="dmfQ2Zm-[=!-vM*Tlr%=">
                <value name="PREDICATE">
                  <block type="prolog_predicate" id="5P?d]HO(SB!Gkv$;Bjh+">
                    <field name="PREDICATE_NAME">batalla</field>
                  </block>
                </value>
                <statement name="FACT_ARGS">
                  <shadow type="info_block_statement" id="f8,udz^*i+y8bGP{Kc%^">
                    <field name="TEXT">Terme ..</field>
                  </shadow>
                  <block type="prolog_constant" id="@_SD-7MklRl*jqFit{}N">
                    <field name="CONSTANT_NAME">'Batalla de Horcones'</field>
                    <next>
                      <block type="prolog_constant" id="15!b*clK.n|(Cc}#d_bR">
                        <field name="CONSTANT_NAME">'22 de julio de 1813'</field>
                      </block>
                    </next>
                  </block>
                </statement>
                <next>
                  <block type="prolog_fact" id="(i|3uFVs]PQW)bj;7Rk$">
                    <value name="PREDICATE">
                      <block type="prolog_predicate" id="|~8%+`+L=`@dUA:=A[m.">
                        <field name="PREDICATE_NAME">batalla</field>
                      </block>
                    </value>
                    <statement name="FACT_ARGS">
                      <shadow type="info_block_statement" id="2,|#xi^j)quMInvP0+]t">
                        <field name="TEXT">Terme ..</field>
                      </shadow>
                      <block type="prolog_constant" id="d.`gfCA%F|j~9w)Oi6}:">
                        <field name="CONSTANT_NAME">'Taguanes'</field>
                        <next>
                          <block type="prolog_constant" id="u_!.p$FUtt;WYFvHmYDt">
                            <field name="CONSTANT_NAME">'31 de julio de 1813.'</field>
                          </block>
                        </next>
                      </block>
                    </statement>
                  </block>
                </next>
              </block>
            </next>
          </block>
        </next>
      </block>
    </next>
  </block>
</xml>